﻿name,address,city,state,zip
1)VITAS HEALTHCARE - SAN DIEGO,9655 GRANITE RIDGE DRIVE,SAN DIEGO, CA,92123
2)SUNCREST HOSPICE - SUNNYVALE,530 LAKESIDE DRIVE,SUNNYVALE, CA,94085
3)ELIZABETH HOSPICE - SAN DIEGO (NPHI),8989 RIO SAN DIEGO DRIVE,SAN DIEGO, CA,92108
4)MISSION HOSPICE SERVICES OF SAN DIEGO - SAN DIEGO,2365 NORTHSIDE DRIVE STE. 100,SAN DIEGO,CA,92108
5)OPTIMAL HOSPICE CARE - FRESNO,6780 NORTH WEST AVENUE,FRESNO, CA,93711
6)SUTTER VISITING NURSE ASSOCIATION AND HOSPICE - ROSEVILLE,3001 LAVA RIDGE COURT,ROSEVILLE, CA,95661
7)SUTTER VISITING NURSE ASSOCIATION AND HOSPICE - SACRAMENTO,8330 FERGUSON AVENUE,SACRAMENTO,CA,95828
8)VITAS HEALTHCARE - MILPITAS,670 NORTH MCCARTHY BOULEVARD,MILPITAS, CA,95035
9)VITAS HEALTHCARE - SAN MATEO,1400 FASHION ISLAND BOULEVARD ,SAN MATEO,CA,94404
10)SHARP HOSPICECARE - LA MESA,8881 FLETCHER PARKWAY,LA MESA, CA,91942
11)BRIDGE HOSPICE - ONTARIO,2910 E INLAND EMPIRE BLVD ,ONTARIO,CA,91764
12)CENTRAL COAST HOME HEALTH - SAN LUIS OBISPO,253 GRANADA DRIVE,SAN LUIS OBISPO, CA,93401
13)VITAS HEALTHCARE - FAIRFIELD,2480 HILLBORN ROAD,FAIRFIELD, CA,94534
14)VITAS HEALTHCARE - SACRAMENTO,2710 GATEWAY OAKS DRIVE,SOUTH SACRAMENTO, CA,95834
15)BY THE BAY HEALTH - LARKSPUR,17 EAST SIR FRANCIS DRAKE BOULEVARD,LARKSPUR,CA,94939
16)BY THE BAY HEALTH - SONOMA,190 WEST NAPA STREET,SONOMA,CA,95476
17)CONTINUUM CARE HOSPICE - PLEASANTON,5994 W LAS POSITAS BOULEVARD,PLEASANTON,CA,94588
18)HOSPICE OF THE EAST BAY - PLEASANT HILL (NPHI),3470 BUSKIRK AVENUE,PLEASANT HILL,CA,94523
19)HINDS HOSPICE - FRESNO - FRESNO (NPHI),1416 WEST TWAIN,FRESNO,CA,93711
20)HINDS HOSPICE - FRESNO - FRESNO (NPHI),2490 WEST SHAW AVENUE,FRESNO,CA,93711
21)HINDS HOSPICE - FRESNO - MERCED (NPHI),410 WEST MAIN STREET,MERCED, CA,95340
22)VITAS HEALTHCARE - WALNUT CREEK,355 LENNON LANE,WALNUT CREEK, CA,94598
23)BRIDGE HOSPICE BAY AREA - FREMONT,3909 WASHINGTON BOULEVARD,FREMONT, CA,94538
24)SUTTER VISITING NURSE ASSOCIATION AND HOSPICE - CONCORD,5099 COMMERCIAL CIRCLE,CONCORD, CA,94520
25)SUTTER VISITING NURSE ASSOCIATION AND HOSPICE - FAIRFIELD,4830 BUSINESS CENTER DRIVE, 100 FAIRFIELD, CA,94534
26)BRISTOL HOSPICE - BAKERSFIELD - BAKERSFIELD,1675 CHESTER AVENUE,BAKERSFIELD, CA,93301
27)ST JOSEPH HEALTH HOSPICE SERVICES - PETALUMA,416 PAYRAN STREET,PETALUMA,,94952
28)APREVA HOSPICE - SAN DIEGO,1565 HOTEL CIRCLE SOUTH,SAN DIEGO, CA,92108
29)VITAS HEALTHCARE - CATHEDRAL CITY,35325 DATE PALM DRIVE,CATHEDRAL CITY, CA,92234
30)VITAS HEALTHCARE - SAN BERNARDINO,1845 BUSINESS CENTER DRIVE,SAN BERNARDINO, CA,92408
31)ASSISTED HOME HOSPICE - VENTURA,4450 WESTINGHOUSE STREET,VENTURA, CA,93003
32)VITAS HEALTHCARE - COVINA,1343 NORTH GRAND AVENUE,COVINA, CA,91724
33)PROVIDENCE TRINITYCARE HOSPICE - CERRITOS,17315 STUDEBAKER ROAD,CERRITOS, CA,90703
34)PROVIDENCE TRINITYCARE HOSPICE - TORRANCE,5315 TORRANCE BOULEVARD,TORRANCE, CA,90503
35)PROVIDENCE TRINITYCARE HOSPICE - VAN NUYS,16600 SHERMAN WAY,VAN NUYS, CA,91406
36)VITAS HEALTHCARE - CAMARILLO,333 NORTH LANTANA STREET,CAMARILLO, CA,93010
37)VITAS HEALTHCARE - ENCINO,16830 VENTURA BOULEVARD,ENCINO, CA,91436
38)VITAS HEALTHCARE - LANCASTER,44444 16TH STREET WEST,LANCASTER, CA,93534
39)SILVERADO HOSPICE - IRVINE,6400 OAK CANYON,IRVINE, CA,92618
40)BRISTOL HOSPICE - SACRAMENTO - REDDING,2150 CHURN CREEK ROAD,REDDING, CA,96002
41)BRISTOL HOSPICE - SACRAMENTO - ROSEVILLE,2140 PROFESSIONAL DRIVE,ROSEVILLE, CA,95661
42)KAISER FOUNDATION HOSPITAL HOSPICE-SANTA CLARA - CUPERTINO,10080 NORTH WOLFE ROAD,CUPERTINO, CA,95014
43)ST. JOSEPH HEALTH SYSTEM HOME CARE SERVICES - ORANGE,1845 WEST ORANGEWOOD,ORANGE, CA,92668
44)OPTIMAL HOSPICE CARE - MODESTO,1101 SYLVAN AVENUE,MODESTO, CA,95350
45)HEALING CARE HOSPICE - LOS ANGELES,5455 WILSHIRE BOULEVARD,LOS ANGELES, CA,90036
46)HOFFMANN HOSPICE - BAKERSFIELD,8501 BRIMHALL ROAD,BAKERSFIELD, CA,93312
47)HOFFMANN HOSPICE - LAKE ISABELLA,"6040 D LAKE ISABELLA BOULEVARD LAKE ISABELLA, CA",LAKE ISABELLA,,93240
48)HOFFMANN HOSPICE - PALMDALE,655 WEST AVENUE Q,PALMDALE, CA,93551
49)VNA HEALTH - SANTA BARBARA (NPHI),509 EAST MONTECITO STREET,SANTA BARBARA, CA,93103
50)CARECHOICES HOSPICE AND PALLIATIVE SERVICES - SANTA FE SPRINGS,"12631 IMPERIAL HIGHWAY SANTA FE SPRINGS, CA",SANTA FE SPRINGS, CA,90670
